"y_values";"x_values";"AME";"SE";"z";"p";"lower";"upper";"dep_var";"x_var"
"io_wiot_hun";-1;0.0239089801577919;0.028339893229437;0.843651031576836;0.398864438713482;-0.031636189897621;0.0794541502131931;"egk_coagg_stand_nuts4";"sr_norm"
"io_wiot_hun";-0.9;0.0342729422051588;0.0263896315584255;1.29872757523272;0.194037437227978;-0.017449785214638;0.0859956696249533;"egk_coagg_stand_nuts4";"sr_norm"
"io_wiot_hun";-0.8;0.0446369042525179;0.0248782136803142;1.79421661161463;0.0727786017345623;-0.00412349856060767;0.0933973070656072;"egk_coagg_stand_nuts4";"sr_norm"
"io_wiot_hun";-0.7;0.0550008662998994;0.0238890907309512;2.30234239215472;0.0213158709382509;0.00817910884383038;0.101822623755978;"egk_coagg_stand_nuts4";"sr_norm"
"io_wiot_hun";-0.6;0.065364828347259;0.0234883041729882;2.78286707570951;0.00538808760232994;0.0193285981103267;0.111401058584284;"egk_coagg_stand_nuts4";"sr_norm"
"io_wiot_hun";-0.5;0.0757287903946295;0.0237057762315764;3.19452903186346;0.00140059197339715;0.0292663227551899;0.122191258034101;"egk_coagg_stand_nuts4";"sr_norm"
"io_wiot_hun";-0.4;0.0860927524419961;0.0245250511976989;3.51040051855524;0.000447432194324915;0.0380245353754546;0.134160969508436;"egk_coagg_stand_nuts4";"sr_norm"
"io_wiot_hun";-0.3;0.096456714489363;0.0258890268876811;3.72577597867382;0.000194715280903169;0.0457151541946678;0.147198274783956;"egk_coagg_stand_nuts4";"sr_norm"
"io_wiot_hun";-0.2;0.106820676536732;0.0277173537932058;3.85392766328638;0.00011623795073873;0.0524956613552662;0.161145691718142;"egk_coagg_stand_nuts4";"sr_norm"
"io_wiot_hun";-0.1;0.1171846385841;0.0299251043719323;3.91593082275133;9.00560699791043e-05;0.0585325117815519;0.175836765386731;"egk_coagg_stand_nuts4";"sr_norm"
"io_wiot_hun";0;0.127548600631467;0.0324349270769187;3.93244604277938;8.40858575146828e-05;0.0639773117195773;0.191119889543465;"egk_coagg_stand_nuts4";"sr_norm"
"io_wiot_hun";0.1;0.137912562678834;0.0351821859086121;3.9199543495413;8.85657432446054e-05;0.068956745400669;0.206868379957214;"egk_coagg_stand_nuts4";"sr_norm"
"io_wiot_hun";0.2;0.148276524726203;0.0381156519574367;3.89017417022753;0.000100172298113679;0.0735712196423786;0.222981829810058;"egk_coagg_stand_nuts4";"sr_norm"
"io_wiot_hun";0.3;0.15864048677357;0.041195410528398;3.85092622548843;0.000117671945201342;0.0778989658096336;0.239382007737638;"egk_coagg_stand_nuts4";"sr_norm"
"io_wiot_hun";0.4;0.169004448820939;0.0443912036263543;3.80716076643175;0.000140571369032221;0.0819992884828644;0.256009609158941;"egk_coagg_stand_nuts4";"sr_norm"
"io_wiot_hun";0.5;0.179368410868305;0.0476796103295114;3.76195211388472;0.000168592331412746;0.0859180918254692;0.272818729910962;"egk_coagg_stand_nuts4";"sr_norm"
"io_wiot_hun";0.6;0.189732372915675;0.0510426169917833;3.71713646551895;0.000201493618736339;0.0896906819350295;0.289774063896165;"egk_coagg_stand_nuts4";"sr_norm"
"io_wiot_hun";0.7;0.200096334963042;0.0544666281639754;3.67374191698885;0.000239024161792019;0.0933437054021923;0.306848964523646;"egk_coagg_stand_nuts4";"sr_norm"
"io_wiot_hun";0.8;0.210460297010408;0.0579406760800828;3.63234106415189;0.000280861564494574;0.09689865865347;0.324021935367197;"egk_coagg_stand_nuts4";"sr_norm"
"io_wiot_hun";0.9;0.220824259057775;0.0614563084368189;3.59319107630419;0.000326652868587183;0.10037210789879;0.34127641021669;"egk_coagg_stand_nuts4";"sr_norm"
"io_wiot_hun";1;0.231188221105141;0.065006801967499;3.55636970452301;0.000376014835519147;0.103777230498755;0.358599211711606;"egk_coagg_stand_nuts4";"sr_norm"
"sr_norm";-1;0.0694484106953514;0.0317055134596417;2.19042062774833;0.0284937453718348;0.00730674620305483;0.13159007518755;"egk_coagg_stand_nuts4";"io_wiot_hun"
"sr_norm";-0.9;0.0798123727427029;0.0293162363579732;2.72246313504005;0.00647972624500012;0.0223536053188161;0.137271140166599;"egk_coagg_stand_nuts4";"io_wiot_hun"
"sr_norm";-0.8;0.0901763347900767;0.0272560684921625;3.30848650516148;0.000938017053274818;0.0367554221853332;0.143597247394924;"egk_coagg_stand_nuts4";"io_wiot_hun"
"sr_norm";-0.7;0.100540296837444;0.0256045898824367;3.92665132693294;8.61367071003196e-05;0.0503562228290075;0.150724370845997;"egk_coagg_stand_nuts4";"io_wiot_hun"
"sr_norm";-0.6;0.11090425888482;0.0244447758591654;4.53693089778269;5.70787988262203e-06;0.0629933785906299;0.158815139178867;"egk_coagg_stand_nuts4";"io_wiot_hun"
"sr_norm";-0.5;0.121268220932179;0.0238484486524141;5.08495217863589;3.67718707254745e-07;0.0745261204862739;0.168010321378043;"egk_coagg_stand_nuts4";"io_wiot_hun"
"sr_norm";-0.4;0.131632182979551;0.0238578647991343;5.51734969108919;3.44150210629574e-08;0.084871627225238;0.178392738733896;"egk_coagg_stand_nuts4";"io_wiot_hun"
"sr_norm";-0.3;0.141996145026918;0.0244724420469597;5.80228751811707;6.54162641377287e-09;0.094031040001074;0.189961250052643;"egk_coagg_stand_nuts4";"io_wiot_hun"
"sr_norm";-0.2;0.152360107074276;0.0256486342527877;5.94028148137036;2.84533097613379e-09;0.102089707686127;0.202630506462336;"egk_coagg_stand_nuts4";"io_wiot_hun"
"sr_norm";-0.1;0.162724069121647;0.0273139059647728;5.95755397750563;2.5604115931547e-09;0.109189797153567;0.216258341089704;"egk_coagg_stand_nuts4";"io_wiot_hun"
"sr_norm";0;0.173088031169021;0.0293854171547091;5.89026966191231;3.85565937216328e-09;0.115493671874998;0.230682390462829;"egk_coagg_stand_nuts4";"io_wiot_hun"
"sr_norm";0.1;0.183451993216392;0.0317836867188947;5.7718915630808;7.83865567313554e-09;0.121157111951377;0.245746874481252;"egk_coagg_stand_nuts4";"io_wiot_hun"
"sr_norm";0.2;0.193815955263758;0.0344405336759388;5.62755377391738;1.82783190969411e-08;0.126313749650566;0.261318160876924;"egk_coagg_stand_nuts4";"io_wiot_hun"
"sr_norm";0.3;0.204179917311129;0.0373007898665794;5.47387650613985;4.40295954453112e-08;0.13107171257779;0.277288122044575;"egk_coagg_stand_nuts4";"io_wiot_hun"
"sr_norm";0.4;0.214543879358491;0.0403211827126751;5.32087267596564;1.03270662912748e-07;0.135515813427692;0.293571945289496;"egk_coagg_stand_nuts4";"io_wiot_hun"
"sr_norm";0.5;0.224907841405862;0.0434683715504667;5.17405721409977;2.29064631090526e-07;0.139711398700424;0.310104284111465;"egk_coagg_stand_nuts4";"io_wiot_hun"
"sr_norm";0.6;0.235271803453228;0.0467166854386406;5.03614075451142;4.75011326151718e-07;0.143708782516517;0.326834824390162;"egk_coagg_stand_nuts4";"io_wiot_hun"
"sr_norm";0.7;0.245635765500599;0.0500464029882092;4.90816024397338;9.19347256758232e-07;0.147546618088116;0.343724912913451;"egk_coagg_stand_nuts4";"io_wiot_hun"
"sr_norm";0.8;0.255999727547961;0.0534426803141005;4.79017380946025;1.66636907368143e-06;0.151253998894843;0.360745456200693;"egk_coagg_stand_nuts4";"io_wiot_hun"
"sr_norm";0.9;0.266363689595332;0.0568929565948801;4.68183946726549;2.84312096706011e-06;0.154855543695323;0.377871835495254;"egk_coagg_stand_nuts4";"io_wiot_hun"
"sr_norm";1;0.27672765164269;0.0603884222303754;4.58246202536976;4.59533178630979e-06;0.158368518987837;0.395086784297304;"egk_coagg_stand_nuts4";"io_wiot_hun"
"io_wiot_hun";-1;0.0998418536521456;0.0590342942953498;1.69125175195006;0.0907887306670231;-0.0158632370194723;0.215546944323776;"coagg_porter_rca01_stand_nuts4";"sr_norm"
"io_wiot_hun";-0.9;0.115116178936937;0.0553436786054994;2.08002398534994;0.0375233329368275;0.00664456209827299;0.223587795775751;"coagg_porter_rca01_stand_nuts4";"sr_norm"
"io_wiot_hun";-0.8;0.13039050422174;0.0522749503148597;2.49432095939602;0.0126198374276745;0.0279334843109975;0.232847524132489;"coagg_porter_rca01_stand_nuts4";"sr_norm"
"io_wiot_hun";-0.7;0.145664829506546;0.0499427460307177;2.916636370314;0.00353828010743885;0.0477788459972532;0.243550813015728;"coagg_porter_rca01_stand_nuts4";"sr_norm"
"io_wiot_hun";-0.6;0.160939154791321;0.0484535540597542;3.321513930492;0.000895305129924705;0.065971933911283;0.255906375671449;"coagg_porter_rca01_stand_nuts4";"sr_norm"
"io_wiot_hun";-0.5;0.176213480076148;0.0478861177613782;3.67984477159413;0.000233375970688393;0.0823584139044866;0.270068546247977;"coagg_porter_rca01_stand_nuts4";"sr_norm"
"io_wiot_hun";-0.4;0.191487805360938;0.0482729410716857;3.9667731260993;7.28522799620377e-05;0.0968745794327009;0.286101031289357;"coagg_porter_rca01_stand_nuts4";"sr_norm"
"io_wiot_hun";-0.3;0.206762130645724;0.0495916784754573;4.16929083672878;3.05548880881441e-05;0.109564226901011;0.303960034390584;"coagg_porter_rca01_stand_nuts4";"sr_norm"
"io_wiot_hun";-0.2;0.222036455930522;0.0517712046676369;4.28880218947891;1.79639268918832e-05;0.120566759345838;0.323506152515479;"coagg_porter_rca01_stand_nuts4";"sr_norm"
"io_wiot_hun";-0.1;0.237310781215317;0.0547087330548226;4.33771297495616;1.43973000409053e-05;0.130083634788113;0.34453792764265;"coagg_porter_rca01_stand_nuts4";"sr_norm"
"io_wiot_hun";0;0.252585106500112;0.058289760812023;4.33326716358756;1.46912645899614e-05;0.138339274641162;0.3668309383592;"coagg_porter_rca01_stand_nuts4";"sr_norm"
"io_wiot_hun";0.1;0.26785943178491;0.0624036014725111;4.29237136101677;1.76774967955351e-05;0.145550620393136;0.39016824317656;"coagg_porter_rca01_stand_nuts4";"sr_norm"
"io_wiot_hun";0.2;0.283133757069705;0.0669521402854593;4.22889777477654;2.34839014253666e-05;0.151909973422294;0.414357540717041;"coagg_porter_rca01_stand_nuts4";"sr_norm"
"io_wiot_hun";0.3;0.298408082354507;0.0718524807672517;4.15306582553671;3.28050322327331e-05;0.157579807850966;0.439236356858306;"coagg_porter_rca01_stand_nuts4";"sr_norm"
"io_wiot_hun";0.4;0.313682407639277;0.0770386554789575;4.07175340339315;4.66605634530307e-05;0.162689417483024;0.464675397795316;"coagg_porter_rca01_stand_nuts4";"sr_norm"
"io_wiot_hun";0.5;0.328956732924103;0.0824550739248577;3.989526869188;6.62052197657452e-05;0.167347757688938;0.490565708159555;"coagg_porter_rca01_stand_nuts4";"sr_norm"
"io_wiot_hun";0.6;0.344231058208874;0.0880611304524602;3.90900112728745;9.26785315773544e-05;0.171634414084016;0.516827702333427;"coagg_porter_rca01_stand_nuts4";"sr_norm"
"io_wiot_hun";0.7;0.359505383493676;0.0938211299053352;3.83181681841195;0.000127200436217028;0.175619347890494;0.543391419097115;"coagg_porter_rca01_stand_nuts4";"sr_norm"
"io_wiot_hun";0.8;0.374779708778471;0.0997098911552699;3.7587014130309;0.00017079751694782;0.179351913211547;0.570207504345022;"coagg_porter_rca01_stand_nuts4";"sr_norm"
"io_wiot_hun";0.9;0.3900540340633;0.105704068917095;3.69005694917217;0.000224203854324674;0.182877865966638;0.59723020216033;"coagg_porter_rca01_stand_nuts4";"sr_norm"
"io_wiot_hun";1;0.405328359348061;0.11178896511055;3.62583515239833;0.00028802906081384;0.186226013862197;0.62443070483356;"coagg_porter_rca01_stand_nuts4";"sr_norm"
"sr_norm";-1;0.27565022769603;0.0656305034636098;4.20003219766354;2.66877026303178e-05;0.147016804620048;0.404283650771861;"coagg_porter_rca01_stand_nuts4";"io_wiot_hun"
"sr_norm";-0.9;0.29092455298082;0.0611772738396637;4.75543506144601;1.98019506555979e-06;0.171019299582778;0.410829806378949;"coagg_porter_rca01_stand_nuts4";"io_wiot_hun"
"sr_norm";-0.8;0.306198878265624;0.0571822248100943;5.35479127093305;8.56552374147906e-08;0.194123777082051;0.418273979449366;"coagg_porter_rca01_stand_nuts4";"io_wiot_hun"
"sr_norm";-0.7;0.321473203550462;0.0537478111342867;5.98114038071755;2.21580802985314e-09;0.216129429479299;0.426816977621424;"coagg_porter_rca01_stand_nuts4";"io_wiot_hun"
"sr_norm";-0.6;0.336747528835205;0.0509871438964948;6.60455760218322;3.98706166015697e-11;0.236814563123696;0.436680494547078;"coagg_porter_rca01_stand_nuts4";"io_wiot_hun"
"sr_norm";-0.5;0.352021854120008;0.0490146866687907;7.18196683575156;6.87155927694305e-13;0.25595483353551;0.4480888747042;"coagg_porter_rca01_stand_nuts4";"io_wiot_hun"
"sr_norm";-0.4;0.367296179404842;0.047927173388152;7.66363116034798;1.80748498474829e-14;0.273360645683426;0.461231713126595;"coagg_porter_rca01_stand_nuts4";"io_wiot_hun"
"sr_norm";-0.3;0.382570504689624;0.0477861783547053;8.00588199060186;1.18613432549419e-15;0.288911316155377;0.476229693223437;"coagg_porter_rca01_stand_nuts4";"io_wiot_hun"
"sr_norm";-0.2;0.397844829974412;0.048598468564179;8.18636557341347;2.69233080881022e-16;0.302593581884945;0.493096078064131;"coagg_porter_rca01_stand_nuts4";"io_wiot_hun"
"sr_norm";-0.1;0.413119155259216;0.0503193709348575;8.20994276327564;2.21293959702915e-16;0.314495000502032;0.511743310016096;"coagg_porter_rca01_stand_nuts4";"io_wiot_hun"
"sr_norm";0;0.428393480544013;0.0528586610338552;8.10450874398111;5.29590614643263e-16;0.324792408646919;0.531994552441653;"coagg_porter_rca01_stand_nuts4";"io_wiot_hun"
"sr_norm";0.1;0.44366780582881;0.0561072356369935;7.90749714883981;2.62615147659063e-15;0.333699644707983;0.553635966949202;"coagg_porter_rca01_stand_nuts4";"io_wiot_hun"
"sr_norm";0.2;0.458942131113589;0.0599476996117241;7.6557087942676;1.9224891779302e-14;0.341446798918785;0.576437463308795;"coagg_porter_rca01_stand_nuts4";"io_wiot_hun"
"sr_norm";0.3;0.4742164563984;0.0642763442605988;7.37777578755507;1.60955722221212e-13;0.348237136589431;0.600195776206774;"coagg_porter_rca01_stand_nuts4";"io_wiot_hun"
"sr_norm";0.4;0.489490781683181;0.0689993421300569;7.09413693771949;1.30161200409462e-12;0.35425455615134;0.624727007215077;"coagg_porter_rca01_stand_nuts4";"io_wiot_hun"
"sr_norm";0.5;0.504765106967992;0.0740426906002872;6.81721724150898;9.28208521034648e-12;0.359644100072753;0.649886113862763;"coagg_porter_rca01_stand_nuts4";"io_wiot_hun"
"sr_norm";0.6;0.52003943225278;0.0793444492252318;6.55420054371498;5.59407485990008e-11;0.364527169398192;0.675551695107435;"coagg_porter_rca01_stand_nuts4";"io_wiot_hun"
"sr_norm";0.7;0.535313757537577;0.0848562019167305;6.30848123585453;2.8178688650808e-10;0.368998657916048;0.701628857159349;"coagg_porter_rca01_stand_nuts4";"io_wiot_hun"
"sr_norm";0.8;0.550588082822383;0.0905404794701609;6.08112621055688;1.19341304057318e-09;0.373132003918078;0.728044161727085;"coagg_porter_rca01_stand_nuts4";"io_wiot_hun"
"sr_norm";0.9;0.565862408107149;0.0963658546114164;5.87202189394698;4.30511870458142e-09;0.376988803729773;0.754736012485371;"coagg_porter_rca01_stand_nuts4";"io_wiot_hun"
"sr_norm";1;0.58113673339195;0.102309272696957;5.68019611588181;1.34540387347826e-08;0.380614243621263;0.78165922316231;"coagg_porter_rca01_stand_nuts4";"io_wiot_hun"
"io_norm3";-1;-0.03748448813036;0.0563485400893854;-0.665225542150666;0.505906245916189;-0.147925597286954;0.0729566210262597;"egk_coagg_stand_nuts4";"sr_norm"
"io_norm3";-0.9;-0.0260356280225205;0.0528621737833463;-0.492519057752459;0.62235245280951;-0.129643584782392;0.0775723287373201;"egk_coagg_stand_nuts4";"sr_norm"
"io_norm3";-0.8;-0.0145867679146555;0.0495066037377772;-0.294642872129092;0.768266708018744;-0.111617928237588;0.0824443924082908;"egk_coagg_stand_nuts4";"sr_norm"
"io_norm3";-0.7;-0.00313790780677266;0.0463102423641155;-0.0677583974210453;0.945977961659888;-0.0939043149557592;0.0876284993422155;"egk_coagg_stand_nuts4";"sr_norm"
"io_norm3";-0.6;0.00831095230107155;0.0433083678918185;0.191901766463049;0.847819153723659;-0.0765718889961038;0.0931937935982466;"egk_coagg_stand_nuts4";"sr_norm"
"io_norm3";-0.5;0.0197598124089543;0.040544193286697;0.487364793997214;0.625999838079701;-0.0597053462151973;0.0992249710331163;"egk_coagg_stand_nuts4";"sr_norm"
"io_norm3";-0.4;0.0312086725168232;0.0380695346238738;0.819780772871649;0.412341093809172;-0.0434062442541516;0.105823589287835;"egk_coagg_stand_nuts4";"sr_norm"
"io_norm3";-0.3;0.0426575326246876;0.0359442466973666;1.18676941497324;0.235318586039594;-0.0277918963535864;0.113106961602936;"egk_coagg_stand_nuts4";"sr_norm"
"io_norm3";-0.2;0.0541063927325564;0.0342334478114685;1.58051251602038;0.113989542900838;-0.0129899320445294;0.12120271750969;"egk_coagg_stand_nuts4";"sr_norm"
"io_norm3";-0.1;0.065555252840423;0.0330016732394249;1.98642209335339;0.0469864754578162;0.000873161861578334;0.130237343819242;"egk_coagg_stand_nuts4";"sr_norm"
"io_norm3";0;0.0770041129482893;0.0323037852511628;2.3837489120727;0.017137290609683;0.0136898572916596;0.14031836860485;"egk_coagg_stand_nuts4";"sr_norm"
"io_norm3";0.1;0.0884529730561594;0.0321744951782949;2.74916428574862;0.00597474318683525;0.0253921212858838;0.151513824826315;"egk_coagg_stand_nuts4";"sr_norm"
"io_norm3";0.2;0.099901833164022;0.0326205310219656;3.06254466234015;0.00219463722703649;0.0359667672044136;0.163836899123662;"egk_coagg_stand_nuts4";"sr_norm"
"io_norm3";0.3;0.111350693271895;0.0336190980723756;3.31212613236019;0.000925897904813514;0.0454584718573554;0.177242914686508;"egk_coagg_stand_nuts4";"sr_norm"
"io_norm3";0.4;0.122799553379763;0.0351230837558496;3.496263432715;0.000471822649663301;0.0539595741923638;0.191639532567262;"egk_coagg_stand_nuts4";"sr_norm"
"io_norm3";0.5;0.13424841348762;0.0370710550091842;3.6213809791591;0.000293034612882623;0.0615904808006403;0.206906346174449;"egk_coagg_stand_nuts4";"sr_norm"
"io_norm3";0.6;0.145697273595489;0.0393970606811519;3.69817623641129;0.000217154103060697;0.0684804535636719;0.222914093627265;"egk_coagg_stand_nuts4";"sr_norm"
"io_norm3";0.7;0.157146133703368;0.0420384934009702;3.73814856313907;0.00018538039756288;0.0747522006732103;0.239540066733663;"egk_coagg_stand_nuts4";"sr_norm"
"io_norm3";0.8;0.168594993811242;0.0449398112423106;3.75157325210371;0.000175728393322922;0.0805145823042354;0.25667540531815;"egk_coagg_stand_nuts4";"sr_norm"
"io_norm3";0.9;0.180043853919083;0.0480539541364646;3.74670216331815;0.000179174611814262;0.0858598344969485;0.274227873341369;"egk_coagg_stand_nuts4";"sr_norm"
"io_norm3";1;0.191492714026963;0.0513420898146153;3.72974132370536;0.000191676449710809;0.0908640670992718;0.292121360954605;"egk_coagg_stand_nuts4";"sr_norm"
"sr_norm";-1;0.0788321870337445;0.0257013637314563;3.06723751538759;0.00216047113612852;0.0284584397664673;0.129205934300904;"egk_coagg_stand_nuts4";"io_norm3"
"sr_norm";-0.9;0.0902810471416071;0.0240257251641471;3.75768250593038;0.000171494281083137;0.043191491117429;0.137370603165801;"egk_coagg_stand_nuts4";"io_norm3"
"sr_norm";-0.8;0.10172990724947;0.0230467251281966;4.41407213752068;1.01444131073575e-05;0.0565591560366567;0.146900658462376;"egk_coagg_stand_nuts4";"io_norm3"
"sr_norm";-0.7;0.113178767357347;0.0228540853417947;4.9522335138204;7.33664891619223e-07;0.0683855831878991;0.157971951526944;"egk_coagg_stand_nuts4";"io_norm3"
"sr_norm";-0.6;0.124627627465218;0.0234671985329437;5.31071603158186;1.09195360622022e-07;0.0786327635225445;0.170622491407786;"egk_coagg_stand_nuts4";"io_norm3"
"sr_norm";-0.5;0.136076487573088;0.0248263230205276;5.48113739842074;4.2260011545736e-08;0.0874177885843367;0.18473518656192;"egk_coagg_stand_nuts4";"io_norm3"
"sr_norm";-0.4;0.147525347680959;0.0268183534768209;5.50090995737173;3.77836141588214e-08;0.0949623407417863;0.200088354620253;"egk_coagg_stand_nuts4";"io_norm3"
"sr_norm";-0.3;0.15897420778882;0.0293146522213532;5.42302895454516;5.85974962669301e-08;0.101518545215637;0.216429870361976;"egk_coagg_stand_nuts4";"io_norm3"
"sr_norm";-0.2;0.170423067896674;0.0321979790806599;5.29297405497852;1.20342999282699e-07;0.107316188523676;0.233529947269811;"egk_coagg_stand_nuts4";"io_norm3"
"sr_norm";-0.1;0.181871928004547;0.0353739422550109;5.14140964819334;2.7268477818949e-07;0.112540275193494;0.251203580815536;"egk_coagg_stand_nuts4";"io_norm3"
"sr_norm";0;0.193320788112417;0.0387707147855782;4.98625803474553;6.15599168922263e-07;0.117331583477681;0.269309992746896;"egk_coagg_stand_nuts4";"io_norm3"
"sr_norm";0.1;0.204769648220286;0.0423348755853296;4.83690209051293;1.31878346448044e-06;0.121794816783177;0.287744479657637;"egk_coagg_stand_nuts4";"io_norm3"
"sr_norm";0.2;0.216218508328151;0.046027952029402;4.69754787677788;2.63303477781671e-06;0.126005380068269;0.306431636587799;"egk_coagg_stand_nuts4";"io_norm3"
"sr_norm";0.3;0.227667368436021;0.0498210223474646;4.56970486972768;4.88411517868056e-06;0.130019958962194;0.325314777910185;"egk_coagg_stand_nuts4";"io_norm3"
"sr_norm";0.4;0.239116228543882;0.0536929986802924;4.45339680072009;8.45223423024616e-06;0.133879884908601;0.344352572179261;"egk_coagg_stand_nuts4";"io_norm3"
"sr_norm";0.5;0.250565088651751;0.0576281060495662;4.34796674449511;1.37405432159054e-05;0.137616076297293;0.363514101006102;"egk_coagg_stand_nuts4";"io_norm3"
"sr_norm";0.6;0.262013948759624;0.0616140669438558;4.25250209499038;2.11395238372006e-05;0.141252596608625;0.382775300910619;"egk_coagg_stand_nuts4";"io_norm3"
"sr_norm";0.7;0.273462808867474;0.0656417148905953;4.16599123473927;3.10002612878166e-05;0.144807411798402;0.402118205936429;"egk_coagg_stand_nuts4";"io_norm3"
"sr_norm";0.8;0.28491166897534;0.0697036144755484;4.08747338454429;4.36096688600431e-05;0.148295095010954;0.421528242939633;"egk_coagg_stand_nuts4";"io_norm3"
"sr_norm";0.9;0.296360529083221;0.0737944153304537;4.01602923142773;5.91869177056075e-05;0.151726132775241;0.440994925391;"egk_coagg_stand_nuts4";"io_norm3"
"sr_norm";1;0.307809389191078;0.0779095127082459;3.95085758453858;7.78716546159393e-05;0.155109550229695;0.46050922815215;"egk_coagg_stand_nuts4";"io_norm3"
"io_norm3";-1;0.100709484416922;0.0650494312847686;1.54819930670944;0.121574318285876;-0.0267850581160434;0.228204026949876;"coagg_porter_rca01_stand_nuts4";"sr_norm"
"io_norm3";-0.9;0.129859963198116;0.060979577045991;2.12956483939163;0.0332075564723395;0.0103421883955581;0.249377738000814;"coagg_porter_rca01_stand_nuts4";"sr_norm"
"io_norm3";-0.8;0.159010441979291;0.0572106502241682;2.77938533046279;0.00544618782666611;0.0468796280077775;0.271141255950754;"coagg_porter_rca01_stand_nuts4";"sr_norm"
"io_norm3";-0.7;0.188160920760399;0.0538057725571239;3.49703966355347;0.000470451879351969;0.0827035443880094;0.293618297132642;"coagg_porter_rca01_stand_nuts4";"sr_norm"
"io_norm3";-0.6;0.217311399541528;0.0508381300527891;4.274574995498;1.91502239081032e-05;0.11767049559659;0.31695230348625;"coagg_porter_rca01_stand_nuts4";"sr_norm"
"io_norm3";-0.5;0.246461878322757;0.0483884156783717;5.0934066525538;3.51686244984727e-07;0.151622326324104;0.341301430321227;"coagg_porter_rca01_stand_nuts4";"sr_norm"
"io_norm3";-0.4;0.275612357103908;0.046538390666385;5.92225801445654;3.17550877118481e-09;0.184398787499329;0.366825926708469;"coagg_porter_rca01_stand_nuts4";"sr_norm"
"io_norm3";-0.3;0.304762835885075;0.0453612112923778;6.71857799212441;1.83506516226897e-11;0.215856495457097;0.393669176313441;"coagg_porter_rca01_stand_nuts4";"sr_norm"
"io_norm3";-0.2;0.333913314666237;0.0449104343928074;7.43509429781233;1.04493393731329e-13;0.245890480726163;0.421936148606066;"coagg_porter_rca01_stand_nuts4";"sr_norm"
"io_norm3";-0.1;0.363063793447378;0.0452071967169118;8.03110610288202;9.65977654069989e-16;0.274459316040317;0.451668270854646;"coagg_porter_rca01_stand_nuts4";"sr_norm"
"io_norm3";0;0.39221427222854;0.0462374584249936;8.4826088108798;2.20200014078829e-17;0.301590518978649;0.48283802547796;"coagg_porter_rca01_stand_nuts4";"sr_norm"
"io_norm3";0.1;0.4213647510097;0.0479539791139081;8.78685687393752;1.53802528929149e-18;0.327376679030969;0.515352822988261;"coagg_porter_rca01_stand_nuts4";"sr_norm"
"io_norm3";0.2;0.450515229790858;0.0502857758253191;8.95909871920525;3.27342977748302e-19;0.351956920238853;0.549073539343413;"coagg_porter_rca01_stand_nuts4";"sr_norm"
"io_norm3";0.3;0.479665708572025;0.0531535770222214;9.02414730003017;1.81100221015934e-19;0.375486611958763;0.583844805184822;"coagg_porter_rca01_stand_nuts4";"sr_norm"
"io_norm3";0.4;0.508816187353188;0.0564737796192686;9.00977747166018;2.06475021562911e-19;0.398129613228754;0.619502761477991;"coagg_porter_rca01_stand_nuts4";"sr_norm"
"io_norm3";0.5;0.537966666134314;0.0601731155007334;8.94031598094263;3.88059155105e-19;0.420029526915343;0.655903805353356;"coagg_porter_rca01_stand_nuts4";"sr_norm"
"io_norm3";0.6;0.567117144915522;0.0641851473717168;8.83564450870798;9.95227904463818e-19;0.441316567724412;0.692917722106333;"coagg_porter_rca01_stand_nuts4";"sr_norm"
"io_norm3";0.7;0.596267623696625;0.068456005953304;8.71023097817536;3.03256218679247e-18;0.462096317502297;0.730438929890167;"coagg_porter_rca01_stand_nuts4";"sr_norm"
"io_norm3";0.8;0.625418102477784;0.0729385372512812;8.5745906902842;9.94398023554512e-18;0.482461196380303;0.768375008575392;"coagg_porter_rca01_stand_nuts4";"sr_norm"
"io_norm3";0.9;0.654568581258945;0.0775974383106156;8.435440595845;3.29957387875507e-17;0.502480396878082;0.806656765640832;"coagg_porter_rca01_stand_nuts4";"sr_norm"
"io_norm3";1;0.683719060040106;0.0824018572611785;8.29737438894138;1.06437542743326e-16;0.522214387549417;0.845223732531657;"coagg_porter_rca01_stand_nuts4";"sr_norm"
"sr_norm";-1;0.165418483352119;0.0397099721544901;4.16566606263446;3.10444847040879e-05;0.0875883681023009;0.243248598602079;"coagg_porter_rca01_stand_nuts4";"io_norm3"
"sr_norm";-0.9;0.194568962133241;0.0390134992381367;4.987221498528;6.12538256658352e-07;0.118103908715728;0.271034015550985;"coagg_porter_rca01_stand_nuts4";"io_norm3"
"sr_norm";-0.8;0.223719440914443;0.0391750294105302;5.7107663805431;1.1246854707234e-08;0.146937794176526;0.300501087652399;"coagg_porter_rca01_stand_nuts4";"io_norm3"
"sr_norm";-0.7;0.252869919695596;0.0401842843295471;6.29275658169838;3.11877209703136e-10;0.174110169665104;0.331629669725963;"coagg_porter_rca01_stand_nuts4";"io_norm3"
"sr_norm";-0.6;0.282020398476704;0.0419798602995381;6.71799278188181;1.84244817601723e-11;0.199741384213642;0.364299412739877;"coagg_porter_rca01_stand_nuts4";"io_norm3"
"sr_norm";-0.5;0.311170877257903;0.0444672650182676;6.99775165236879;2.60102604554569e-12;0.224016639330937;0.398325115184542;"coagg_porter_rca01_stand_nuts4";"io_norm3"
"sr_norm";-0.4;0.340321356039071;0.0475370458158411;7.1590766779551;8.1222248563149e-13;0.247150458308737;0.433492253769695;"coagg_porter_rca01_stand_nuts4";"io_norm3"
"sr_norm";-0.3;0.369471834820202;0.0510856019760943;7.2324064027492;4.74509668836933e-13;0.26934589481843;0.469597774821816;"coagg_porter_rca01_stand_nuts4";"io_norm3"
"sr_norm";-0.2;0.398622313601362;0.0550186893495509;7.24521645851631;4.31749108695631e-13;0.290787663999842;0.506456963203276;"coagg_porter_rca01_stand_nuts4";"io_norm3"
"sr_norm";-0.1;0.427772792382507;0.0592619204089079;7.2183417181028;5.26253418388345e-13;0.311621562726115;0.543924022038392;"coagg_porter_rca01_stand_nuts4";"io_norm3"
"sr_norm";0;0.456923271163683;0.0637514421470313;7.16726172421122;7.65126745195523e-13;0.331972740593083;0.581873801734424;"coagg_porter_rca01_stand_nuts4";"io_norm3"
"sr_norm";0.1;0.486073749944844;0.0684391809203476;7.1022730460576;1.22721461179516e-12;0.351935420209749;0.620212079680353;"coagg_porter_rca01_stand_nuts4";"io_norm3"
"sr_norm";0.2;0.515224228725996;0.0732886663057221;7.03006692162672;2.06434502435821e-12;0.371581082291686;0.658867375160065;"coagg_porter_rca01_stand_nuts4";"io_norm3"
"sr_norm";0.3;0.544374707507166;0.0782673057603235;6.9553270323907;3.51745106140442e-12;0.39097360705028;0.697775807964717;"coagg_porter_rca01_stand_nuts4";"io_norm3"
"sr_norm";0.4;0.573525186288323;0.0833543583558583;6.88056626673097;5.96151058212317e-12;0.410153645956486;0.736896726620341;"coagg_porter_rca01_stand_nuts4";"io_norm3"
"sr_norm";0.5;0.602675665069464;0.0885299420710517;6.80759131849169;9.9246314648863e-12;0.429160167056676;0.776191163082033;"coagg_porter_rca01_stand_nuts4";"io_norm3"
"sr_norm";0.6;0.631826143850649;0.0937801932796645;6.73730903887629;1.61346778738407e-11;0.448020342558966;0.815631945141661;"coagg_porter_rca01_stand_nuts4";"io_norm3"
"sr_norm";0.7;0.660976622631797;0.0990911204560384;6.67039205520982;2.55120964108125e-11;0.466761595350428;0.855191649913539;"coagg_porter_rca01_stand_nuts4";"io_norm3"
"sr_norm";0.8;0.690127101412945;0.104456198686158;6.60685636748522;3.9256657129507e-11;0.485396714026239;0.894857488799899;"coagg_porter_rca01_stand_nuts4";"io_norm3"
"sr_norm";0.9;0.719277580194158;0.10986540424707;6.54689786219343;5.87445097666079e-11;0.503945344723343;0.934609815665724;"coagg_porter_rca01_stand_nuts4";"io_norm3"
"sr_norm";1;0.748428058975306;0.115314117376404;6.49034199804275;8.56417403614108e-11;0.522416542008298;0.97443957594185;"coagg_porter_rca01_stand_nuts4";"io_norm3"
